id,forager_id,item_id,kg
3edf7841-7a13-412a-8db5-e26c02d835ca,d1934a87-bd62-41b0-9e32-7dae606f7550,3,2.7523950348595623
292e16db-3f4b-4366-a91b-7172ec8587b0,7e89ef52-daa0-4b46-a603-6e0200f70b3d,24,0.3732167418014236
