id,forager_id,item_id,kg
b454ea5d-73b6-43b4-a030-af77cfc0ef7f,7d24718c-3803-4295-bd5b-ec26fc734cb7,24,1.2002277711055491
a7e630f8-1a30-4865-b544-f1b242c22fe8,ca41cf5e-00db-4866-979c-e0504ab5e3ec,5,1.2259878000981672
