id,forager_id,item_id,kg
a24e3141-cccc-4d6e-a420-21467f17792d,fdf670ef-65dc-4920-a8ec-e0a49c4b2ff1,20,0.8003059113041587
88b21cad-cad1-418c-8f07-6cd5e595ee39,08af21b6-d41f-483d-ab8c-8d6d336c79dd,9,0.7745163828618
